Name,Age,Gender,Department,Role,Salary,Experience (Years),City,Email
James Bradley,42,Female,HR,Project Manager,101865,1,Port Williamfort,gomezolivia@gmail.com
Suzanne Chandler,31,Male,Operations,Project Manager,100394,9,Brendaton,robert03@gmail.com
Lee Gordon,46,Female,Operations,Backend Developer,147713,13,Rachelland,parsonsnicole@wright-cox.biz
Samuel Horton,47,Female,IT,Project Manager,127784,8,East Erinhaven,kwalker@crane-ross.org
Bonnie Stewart,31,Female,HR,HR Manager,139556,18,Millerport,lindale@hotmail.com
Erica Carter,27,Female,Finance,Software Engineer,64825,4,North Timothyfort,edwardbell@hotmail.com
Wendy Ramos,23,Male,Sales,Project Manager,78043,8,Bryanburgh,amanda08@ferrell.com
Christopher Duncan,36,Female,Operations,HR Manager,90575,8,West Erin,elizabethrose@gmail.com
Glenn Alexander,41,Male,Marketing,UI/UX Designer,116458,2,Perezmouth,christopher08@king.biz
Catherine Ray,32,Male,IT,UI/UX Designer,65867,3,Shawnbury,hicksamanda@salas.net
Zachary Jackson MD,22,Male,Sales,Software Engineer,149115,5,Danielleview,friedmanchris@martinez.org
Amanda Burke,24,Female,Operations,Data Analyst,37609,18,Keithmouth,tsmith@merritt-roach.info
Dominic Nelson,36,Female,Marketing,Frontend Developer,91074,17,West Jamiemouth,debraalvarez@gmail.com
Karen Adams,48,Male,Operations,UI/UX Designer,27635,8,Scottberg,zcastaneda@serrano.com
Andrew Williams,23,Female,IT,Backend Developer,70639,18,New Tylerborough,nicolebrooks@gmail.com
Ellen Chapman,46,Female,Finance,Accountant,66412,10,Griffinshire,brownjoseph@hotmail.com
Robert Hicks,49,Male,Operations,Sales Executive,57733,20,Serranofort,reedmatthew@yahoo.com
Joshua Stephens,42,Female,Sales,Software Engineer,118178,19,Port Dennischester,michael37@yahoo.com
Jamie Walton,44,Male,HR,Project Manager,145952,13,Jaredport,ymiller@murphy.com
Sarah Mayo,22,Female,Finance,Frontend Developer,37124,17,Port Davidhaven,acisneros@hotmail.com
Joel Lee,24,Male,Operations,Accountant,50547,1,New Tom,clintonsalinas@adkins-cuevas.com
Jennifer Abbott,33,Male,Operations,Frontend Developer,133432,4,North Nathan,jonesmicheal@wood.com
Kevin Henry,51,Female,IT,HR Manager,70148,3,Lopezshire,rhonda33@haas.com
Neil Daniels,54,Female,HR,Frontend Developer,86982,3,Hayesberg,jefferymartinez@gmail.com
Cindy Malone,52,Female,IT,HR Manager,51931,17,North Josephport,cgutierrez@kent.com
Brian Stokes,52,Male,IT,Sales Executive,105606,4,New Brian,katherinetorres@vasquez-johnson.com
Audrey Grant DVM,35,Male,HR,UI/UX Designer,109175,11,Stephaniemouth,moralesgregory@sanchez-beard.com
Joshua Lopez,26,Male,Operations,ML Engineer,131371,7,North Christianchester,kyle74@yahoo.com
Shannon Martin,45,Female,Sales,Backend Developer,34403,15,Sanchezfort,toddwilliam@ruiz.com
Deborah Morris,54,Male,Finance,HR Manager,134132,20,North Karen,pperry@adams.com
Ashley Keller,27,Male,Sales,Accountant,41726,19,Lake Anthonymouth,nancyramirez@gmail.com
Alicia Murray,47,Male,HR,Sales Executive,117229,11,Port Marymouth,marie79@kelly.com
Diane Espinoza,26,Male,Marketing,Sales Executive,117807,14,South Kennethville,shawn60@yahoo.com
Ryan Haynes,27,Male,Operations,ML Engineer,108830,17,Laraland,rebeccarose@lewis-brown.info
Michael Glass,29,Female,IT,Project Manager,81216,20,West Jenniferberg,stephanierosales@hughes.com
Kathryn Harvey,25,Female,Finance,Frontend Developer,37480,13,Tammybury,faulknerjustin@hotmail.com
Samuel Costa,24,Female,HR,Software Engineer,26225,18,Michaelport,crystal00@coffey.com
Ricardo Coleman,41,Female,Operations,UI/UX Designer,114596,16,West Monica,stephenflores@hotmail.com
Blake Stephens,44,Female,IT,Accountant,122986,13,Port Danielview,sbrown@gmail.com
Mary Hunter DDS,34,Male,Finance,Backend Developer,101979,12,South Sarah,daniel26@hotmail.com
Allen Forbes,53,Male,Sales,Project Manager,135298,5,East Jasonview,christina87@yahoo.com
Luke Bryant,42,Female,HR,Frontend Developer,111982,9,New Christopher,heidi15@irwin.net
Jamie Palmer,51,Male,Sales,HR Manager,138379,12,Douglasmouth,silvakenneth@yahoo.com
Jeffrey Rodriguez,53,Male,HR,Backend Developer,82738,8,Port Melissaport,kbrown@hotmail.com
Michael Bender,40,Female,Sales,HR Manager,91535,15,North Jennifermouth,hjordan@yahoo.com
Tony Long,43,Female,Marketing,UI/UX Designer,36583,14,Knappview,christopherhopkins@carter-barnett.org
Austin Mueller,22,Female,Finance,Accountant,37729,20,New Jesse,walterbarry@yahoo.com
Jason Floyd,30,Male,Sales,HR Manager,147331,12,Millermouth,robertmeadows@andrade.org
Debra Roberts,55,Male,HR,Data Analyst,71283,18,Hopkinsbury,david55@booth-daniels.info
Janice Matthews,36,Male,Finance,HR Manager,114068,13,Port Erika,christinesmith@wu.com
Cynthia Zavala,49,Male,IT,Frontend Developer,32398,3,Lisaport,bduran@yahoo.com
Kathryn Torres,24,Male,Marketing,Sales Executive,55242,5,New Brenda,nlopez@rios.com
Monica Miller,48,Male,Operations,Backend Developer,46221,14,North Angelaborough,tberry@white.com
John Cooper,41,Female,HR,Software Engineer,94802,6,Suzannetown,teresafreeman@hotmail.com
Chad Davis,34,Male,IT,Sales Executive,66664,1,Lake Danielleberg,jennifer88@johnston.net
Lawrence Wilkerson,33,Male,Finance,HR Manager,112511,2,Kennethmouth,hillmark@yahoo.com
Keith Hendrix,40,Male,HR,Frontend Developer,146922,17,Josephport,brownmatthew@fox-hutchinson.com
Timothy Jones,34,Male,Marketing,Accountant,125762,19,Andrewfurt,petersonnatalie@gmail.com
Andrew Smith,39,Male,Sales,HR Manager,100140,15,Hannahmouth,garymclaughlin@hotmail.com
Ricky Smith,51,Male,Finance,Sales Executive,76907,7,Markmouth,alannichols@bradley-steele.org
John Fisher,31,Male,Sales,Backend Developer,75866,9,New Kevin,richardschneider@gmail.com
Mark Ware,46,Male,IT,Accountant,51328,17,Allenhaven,sarahjohnson@yahoo.com
Katherine Gonzalez,49,Female,Sales,Accountant,29659,8,Gregoryport,susanryan@yahoo.com
Autumn Freeman,41,Female,Finance,Software Engineer,85241,3,Brandiburgh,megandurham@yahoo.com
William Greer,46,Female,HR,Accountant,37272,15,West Dustin,melissacollins@edwards.net
Craig Garza,45,Male,Sales,Frontend Developer,148317,18,Garciastad,rhonda05@simmons.org
Mr. Douglas Cunningham,49,Female,IT,UI/UX Designer,124880,5,Angelahaven,tiffanycaldwell@yahoo.com
Julie Bradshaw,40,Male,Marketing,Frontend Developer,99460,15,Patrickberg,davidmatthew@hotmail.com
Samantha Frazier,28,Male,HR,Software Engineer,70506,19,New Krystal,benjaminjohnson@yahoo.com
Kelly Martin,33,Male,Marketing,Software Engineer,85585,9,Manningburgh,hallmichele@proctor.net
Tammy Bryant,47,Male,Finance,Project Manager,132894,8,Port Cynthiaton,dalehart@yahoo.com
Amber David,36,Male,HR,UI/UX Designer,94013,7,Juanfort,matthewmurphy@gmail.com
Mr. Juan Huber,31,Female,IT,Software Engineer,28721,5,South Paultown,sandra55@hotmail.com
Roger Lewis,45,Male,Operations,Sales Executive,149658,3,Johnshire,judithnash@green.info
Amber Ryan,44,Female,Finance,Software Engineer,51274,9,South Williammouth,hhoffman@kramer-hernandez.info
Sheryl Simon,33,Female,Marketing,Data Analyst,131605,11,Sandraberg,ramirezcharles@yahoo.com
Robert Hunter,25,Male,HR,ML Engineer,62956,16,Bushtown,turnershaun@ruiz.org
Robin Shelton,50,Male,IT,HR Manager,35690,4,Elliottchester,ubrown@yahoo.com
Cindy Briggs,31,Female,HR,ML Engineer,81223,12,Mercadoland,brandy06@nunez-rios.biz
Laura Burgess,50,Male,Sales,HR Manager,105085,3,South Anthony,cabrerajoshua@villa-johns.net
Robert Jones,48,Female,HR,Software Engineer,109084,10,Nathanport,jonesangela@andrade-williams.com
Ruth Woodward,23,Male,IT,Sales Executive,46702,4,Jamesmouth,jordankeith@golden-tucker.com
Wyatt Smith,47,Male,HR,ML Engineer,49031,8,Port Patrickmouth,nicholasnguyen@hotmail.com
Mallory Smith,29,Female,IT,Data Analyst,59686,13,Port Kevinburgh,ilindsey@hotmail.com
Craig Clark,24,Male,HR,Backend Developer,120112,4,Yangchester,rogersheather@weaver.com
Dylan Miller,50,Female,Operations,ML Engineer,61382,18,New Annette,knightjames@ross-ortiz.com
Edward Bryan,40,Male,Sales,Software Engineer,89262,4,West Franceston,piercedennis@yahoo.com
Edward Kelly,34,Female,Operations,UI/UX Designer,146690,7,Michelleton,amanda99@yahoo.com
James Hopkins,42,Female,Sales,UI/UX Designer,82067,9,East Jo,edward53@lara-brandt.biz
Maria Martinez,41,Female,IT,HR Manager,82392,19,East Jason,reynoldsbeth@wilkins-henderson.com
Stephanie Palmer,44,Male,Marketing,HR Manager,30010,12,Glendachester,tyler92@morgan.org
Brandon Randolph,35,Male,HR,ML Engineer,129052,7,Warrenshire,beardstefanie@morris.info
Savannah Jenkins,23,Female,Sales,Frontend Developer,136964,2,East Mackenzietown,martinunderwood@taylor.org
Sarah Cooley,41,Female,Operations,HR Manager,64228,19,Reneemouth,paulafisher@thomas.com
Tammy Larson,48,Female,Finance,ML Engineer,129615,9,North Nicholas,burnsrichard@gmail.com
Emily Miller,31,Female,Finance,ML Engineer,95441,8,North James,bmartinez@gardner.net
Ryan Ross,39,Female,IT,Frontend Developer,62429,8,Quinnside,philip06@hernandez.com
Michelle Ferguson,22,Female,Marketing,Software Engineer,113877,8,Lake Maryville,traciburns@yahoo.com
Randy Gross,50,Male,Finance,Project Manager,109385,14,Angelville,rodriguezjillian@yahoo.com
Brianna Gonzalez MD,53,Female,HR,ML Engineer,103871,18,Marioborough,warrenalan@hoffman.org
